0,20,40,60,80,100,120,140,160,180,200
1,1.0002,1.0083,1,1,1,1.0004,1.0007,1.0589,1,1.0001
2,1,1.0009,1,1,1,1.0001,1.0007,1.0589,1,1
3,1,1,1,1,1,1,1.0007,1.0124,1,1
4,1,1,1,1,1,1,1.0007,1.0124,1,1
5,1,1,1,1,1,1,1.0007,1.0124,1,1
6,1,1,1,1,1,1,1.0007,1.0124,1,1
7,0.99989,1,1,1,1,1,1.0007,1.0124,1,1
8,0.99989,1,1,1,1,1,1.0007,1.0023,1,1
9,0.56255,1,1,1,1,0.99999,1.0007,1.0023,1,1
10,0.50813,1,1,1,1,0.99999,1.0007,1.0023,0.99999,1
11,0.50807,1,1,1,1,0.99999,1.0007,1.0023,0.99999,1
12,0.32239,1,1,1,1,0.99998,1.0007,1.0023,0.99999,1
13,0.25698,1,1,1,1,0.99998,1.0007,1.0023,0.99998,1
14,0.24952,1,1,1,1,0.99998,1.0007,1.0023,0.99998,1
15,0.24032,1,1,1,1,0.99998,1.0007,1.0023,0.99998,1
16,0.19339,1,1,1,1,0.99997,1.0007,1.0023,0.99998,1
17,0.18297,1,1,1,1,0.99996,1.0007,1.0023,0.99998,1
18,0.16427,1,1,1,1,0.99996,1.0007,1.0023,0.99998,1
19,0.14801,1,1,1,1,0.99994,1.0007,1.0023,0.99997,1
20,0.11552,1,1,1,1,0.99992,1.0007,1.0023,0.99996,1
21,0.11522,1,1,1,1,0.99991,1.0007,1.0023,0.99996,1
22,0.095936,1,1,1,1,0.99991,1.0007,1.0023,0.99996,1
23,0.0933,1,1,1,1,0.99989,1.0007,1.0023,0.99996,1
24,0.083003,1,1,1,1,0.99988,1.0007,1.0023,0.99995,1
25,0.073457,1,1,1,1,0.99988,1.0007,1.0023,0.99995,1
26,0.072932,1,1,1,1,0.99988,1.0007,1.0023,0.99994,1
27,0.070965,1,1,1,1,0.99987,1.0007,1.0023,0.99994,1
28,0.069552,1,1,1,1,0.99986,1.0007,1,0.99994,1
29,0.065726,1,1,1,1,0.99983,1.0007,1,0.99994,0.99999
30,0.065704,0.99075,1,1,1,0.99981,1.0007,1,0.99992,0.99999
31,0.064718,0.655,1,1,1,0.99981,1.0007,1,0.99992,0.99999
32,0.06417,0.34069,1,1,1,0.99981,1.0007,1,0.99992,0.99999
33,0.064068,0.27029,1,1,1,0.99978,1.0007,1,0.99992,0.99999
34,0.062966,0.26662,1,1,1,0.99976,1.0007,1,0.99991,0.99999
35,0.062846,0.25607,1,1,1,0.99976,1.0007,1,0.99991,0.99999
36,0.062733,0.20798,1,1,1,0.99975,1,1,0.99991,0.99999
37,0.062554,0.18893,1,1,1,0.99973,1,1,0.9999,0.99999
38,0.062413,0.15021,1,1,1,0.99973,1,1,0.99989,0.99999
39,0.062197,0.11942,1,1,1,0.99973,1,1,0.99989,0.99999
40,0.062061,0.119,1,1,1,0.99972,1,1,0.99988,0.99999
41,0.061712,0.098786,1,1,1,0.99972,1,1,0.99988,0.99998
42,0.059365,0.097373,1,1,1,0.99972,1,1,0.99987,0.99998
43,0.058872,0.08463,1,1,1,0.99971,1,1,0.99987,0.99998
44,0.05781,0.076684,1,1,1,0.99966,1,1,0.99986,0.99998
45,0.056052,0.072125,1,1,1,0.99965,1,1,0.99986,0.99998
46,0.056032,0.068291,1,1,1,0.99964,1,1,0.99985,0.99998
47,0.055514,0.065683,1,1,1,0.99962,1,1,0.99984,0.99998
48,0.055404,0.064613,1,1,1,0.99958,1,1,0.99982,0.99998
49,0.054412,0.064043,1,1,1,0.99949,1,1,0.99981,0.99998
50,0.053814,0.063611,1,1,1,0.99948,1,1,0.99981,0.99998
51,0.053445,0.063395,0.65964,1,1,0.99943,1,1,0.99981,0.99998
52,0.053311,0.05793,0.34728,0.99997,1,0.9994,1,1,0.99979,0.99998
53,0.052967,0.055741,0.27919,0.99997,1,0.99938,1,1,0.99978,0.99998
54,0.048232,0.049633,0.27874,0.99997,1,0.99938,1,1,0.99978,0.99998
55,0.047462,0.049503,0.2576,0.99997,1,0.99934,1,1,0.99978,0.99997
56,0.046032,0.04802,0.23648,0.99997,1,0.99934,1,1,0.99976,0.99997
57,0.045473,0.046632,0.19032,0.99997,1,0.99929,1,1,0.99975,0.99997
58,0.044268,0.046401,0.15786,0.99997,1,0.99928,1,1,0.99975,0.99997
59,0.043677,0.044459,0.15549,0.99997,1,0.99924,1,1,0.99973,0.99997
60,0.041586,0.043,0.12297,0.99997,1,0.99923,1,1,0.99973,0.99997
61,0.040992,0.041817,0.099729,0.99997,1,0.9992,1,1,0.99973,0.99997
62,0.039669,0.03984,0.098119,0.99997,1,0.99902,1,1,0.99971,0.99997
63,0.03951,0.039738,0.096957,0.99997,1,0.99898,1,1,0.99969,0.99997
64,0.038947,0.03948,0.085487,0.99997,1,0.99888,1,1,0.99968,0.99996
65,0.038736,0.039411,0.078023,0.99997,1,0.99839,1,1,0.99965,0.99996
66,0.038641,0.039262,0.077292,0.99997,1,0.99807,1,0.99752,0.99965,0.99996
67,0.038623,0.03916,0.074469,0.99997,1,0.99803,1,0.99752,0.99962,0.99996
68,0.038568,0.039091,0.073796,0.99997,1,0.99793,1,0.99752,0.99956,0.99995
69,0.038521,0.038994,0.073321,0.99997,1,0.99762,1,0.99752,0.99955,0.99995
70,0.037923,0.038834,0.072733,0.99997,1,0.99761,1,0.99752,0.99953,0.99995
71,0.037913,0.0386,0.072638,0.99997,1,0.99752,1,0.99752,0.99951,0.99995
72,0.037858,0.038419,0.07253,0.78976,1,0.99744,1,0.99752,0.99948,0.99995
73,0.037354,0.038352,0.071509,0.36005,1,0.99733,1,0.99752,0.99948,0.99995
74,0.037257,0.03796,0.071404,0.3062,1,0.99729,1,0.99752,0.99946,0.99995
75,0.037132,0.037924,0.070804,0.29264,1,0.99672,1,0.99752,0.99944,0.99995
76,0.036581,0.037487,0.070696,0.26718,1,0.99643,1,0.99752,0.99939,0.99995
77,0.036547,0.03736,0.070063,0.22297,1,0.9962,1,0.99752,0.99935,0.99995
78,0.036543,0.037004,0.069765,0.15958,1,0.99588,1,0.99752,0.99931,0.99995
79,0.036463,0.036911,0.069757,0.13304,1,0.99557,1,0.99752,0.9993,0.99995
80,0.036325,0.036854,0.066474,0.10249,1,0.99471,0.99992,0.99752,0.99929,0.99995
81,0.036002,0.03671,0.066191,0.10201,1,0.99459,0.99953,0.99752,0.99926,0.99994
82,0.035617,0.036096,0.065795,0.089329,1,0.99413,0.99953,0.99752,0.99926,0.99994
83,0.035031,0.035889,0.065578,0.080493,1,0.99388,0.99953,0.99752,0.99921,0.99994
84,0.034941,0.035291,0.064771,0.078008,1,0.99225,0.99953,0.99752,0.99921,0.99994
85,0.034842,0.035142,0.056988,0.075922,1,0.99194,0.99953,0.99752,0.9992,0.99993
86,0.034482,0.035023,0.05047,0.070756,1,0.99128,0.99953,0.99752,0.99919,0.99993
87,0.034104,0.03491,0.05033,0.069986,1,0.99097,0.99953,0.99752,0.99919,0.99993
88,0.034029,0.034854,0.049221,0.069925,1,0.99028,0.99953,0.99752,0.99918,0.99993
89,0.033789,0.034624,0.047924,0.068225,1,0.99006,0.99953,0.99752,0.99913,0.99993
90,0.03378,0.034093,0.044972,0.067387,1,0.99005,0.99953,0.99752,0.99913,0.99992
91,0.033578,0.034078,0.043766,0.057684,0.99999,0.98903,0.99953,0.99752,0.99908,0.99991
92,0.033432,0.033999,0.042664,0.054655,0.78977,0.98879,0.99953,0.99752,0.99908,0.99991
93,0.033345,0.033821,0.04059,0.05348,0.38043,0.98802,0.99953,0.99752,0.99906,0.9999
94,0.033283,0.033718,0.040358,0.053325,0.32717,0.98796,0.99953,0.99752,0.99905,0.9999
95,0.033091,0.033564,0.039979,0.049648,0.31948,0.98756,0.99953,0.99752,0.99903,0.99989
96,0.033084,0.033498,0.039262,0.047302,0.28266,0.98756,0.99953,0.99752,0.99899,0.99988
97,0.032988,0.033447,0.038981,0.044408,0.22299,0.98747,0.99953,0.99752,0.99897,0.99988
98,0.032917,0.033397,0.038815,0.043832,0.16253,0.98559,0.99953,0.99752,0.99895,0.99987
99,0.032892,0.033235,0.038721,0.043207,0.13818,0.98544,0.99953,0.99752,0.99895,0.99987
100,0.032764,0.033192,0.037876,0.041314,0.10707,0.98484,0.99953,0.99752,0.99888,0.99987
101,0.032695,0.032964,0.037812,0.041311,0.10406,0.98411,0.99953,0.99752,0.99875,0.99986
102,0.032462,0.032692,0.037744,0.041277,0.098894,0.98202,0.99953,0.99752,0.99865,0.99986
103,0.032433,0.032553,0.036974,0.041181,0.091427,0.98104,0.99953,0.99752,0.99863,0.99986
104,0.032348,0.03249,0.0367,0.040545,0.086963,0.98084,0.99953,0.99752,0.99855,0.99983
105,0.031775,0.0323,0.036222,0.040182,0.0846,0.97996,0.99953,0.99752,0.9984,0.99982
106,0.031616,0.032276,0.035816,0.039907,0.084078,0.97938,0.99953,0.99752,0.99828,0.99982
107,0.031579,0.031904,0.035799,0.039817,0.083667,0.97801,0.99953,0.99752,0.99813,0.99981
108,0.031496,0.031834,0.03526,0.039817,0.079121,0.97793,0.99953,0.99752,0.99777,0.99981
109,0.031314,0.031813,0.034872,0.038627,0.077755,0.97533,0.99953,0.99752,0.99755,0.9998
110,0.031235,0.031696,0.034811,0.038597,0.070353,0.9592,0.99953,0.99752,0.99751,0.99979
111,0.031152,0.031284,0.033961,0.037935,0.069133,0.94375,0.99953,0.99752,0.99729,0.99979
112,0.031004,0.031224,0.033852,0.036845,0.060795,0.86151,0.99953,0.99752,0.9972,0.99979
113,0.030833,0.031192,0.03277,0.036658,0.055784,0.82769,0.99953,0.99752,0.99687,0.99979
114,0.030345,0.031128,0.032437,0.036492,0.055128,0.78961,0.99953,0.99752,0.99642,0.99979
115,0.030217,0.030914,0.032333,0.036392,0.054927,0.37875,0.99953,0.99752,0.99601,0.99978
116,0.03012,0.030863,0.031592,0.036257,0.054908,0.32614,0.99953,0.99752,0.99572,0.99978
117,0.030104,0.030261,0.031484,0.035958,0.05368,0.29341,0.99953,0.99752,0.99551,0.99978
118,0.029858,0.030208,0.031473,0.035548,0.053282,0.28593,0.99953,0.9972,0.99522,0.99977
119,0.029555,0.030205,0.030858,0.035275,0.053281,0.22297,0.99953,0.9972,0.99509,0.99976
120,0.029522,0.030161,0.030779,0.034863,0.05253,0.16663,0.99953,0.9972,0.99489,0.9997
121,0.029424,0.029991,0.030761,0.03431,0.048477,0.14329,0.99953,0.9972,0.99453,0.99969
122,0.029347,0.029981,0.030737,0.033757,0.048334,0.12269,0.99953,0.9972,0.99426,0.99968
123,0.02934,0.029959,0.03048,0.033506,0.04818,0.11099,0.99953,0.9972,0.99422,0.99967
124,0.02923,0.029886,0.030233,0.03339,0.047618,0.10949,0.99953,0.9972,0.99394,0.99966
125,0.028988,0.029789,0.030221,0.033289,0.046711,0.10633,0.99953,0.9972,0.99387,0.99966
126,0.028967,0.029497,0.030196,0.033237,0.04663,0.094203,0.99953,0.9972,0.99228,0.99964
127,0.028911,0.029386,0.03001,0.033162,0.046174,0.085799,0.99953,0.9972,0.99214,0.9996
128,0.028898,0.029381,0.029772,0.03303,0.045448,0.078083,0.99953,0.9972,0.99205,0.99959
129,0.028866,0.029362,0.029738,0.032756,0.044967,0.071458,0.99953,0.9972,0.99185,0.99957
130,0.02884,0.02934,0.029663,0.032723,0.04453,0.07042,0.99953,0.9972,0.99144,0.99957
131,0.028685,0.029278,0.029659,0.032496,0.044269,0.062046,0.99953,0.9972,0.99142,0.99955
132,0.028634,0.029216,0.029574,0.032153,0.043587,0.060022,0.99953,0.9972,0.99116,0.99953
133,0.02859,0.028819,0.029337,0.032143,0.042476,0.049445,0.79046,0.9972,0.99096,0.99951
134,0.028254,0.028807,0.029091,0.031997,0.042381,0.047756,0.44077,0.9972,0.99066,0.99951
135,0.028125,0.028792,0.028996,0.031654,0.042218,0.045789,0.38371,0.9972,0.99057,0.99949
136,0.028013,0.028366,0.028952,0.031631,0.042178,0.045597,0.35806,0.9972,0.98997,0.99944
137,0.027752,0.028288,0.028647,0.031626,0.042142,0.044339,0.32735,0.9972,0.98993,0.99943
138,0.027597,0.028061,0.028526,0.031379,0.041693,0.043386,0.22566,0.9972,0.98957,0.9994
139,0.027519,0.027944,0.02835,0.031344,0.041427,0.042459,0.18643,0.9972,0.98947,0.99939
140,0.027482,0.02793,0.028008,0.03121,0.041284,0.04213,0.15763,0.9972,0.98878,0.99938
141,0.027426,0.027697,0.027985,0.030904,0.041192,0.042071,0.12186,0.9972,0.98774,0.99938
142,0.027206,0.027681,0.027964,0.030806,0.040585,0.041229,0.11932,0.9972,0.98756,0.99937
143,0.027146,0.027645,0.027876,0.030741,0.040349,0.040613,0.10583,0.9972,0.98691,0.99928
144,0.02709,0.027518,0.027829,0.030635,0.039914,0.04048,0.097334,0.9972,0.98678,0.99928
145,0.027046,0.0274,0.027821,0.030303,0.03986,0.040012,0.094007,0.9972,0.98652,0.99922
146,0.0267,0.027311,0.027778,0.030257,0.039423,0.039771,0.079101,0.9972,0.98509,0.99916
147,0.026349,0.027184,0.027736,0.030108,0.039066,0.03901,0.071919,0.9972,0.98473,0.99913
148,0.026295,0.026852,0.027724,0.029874,0.039039,0.037091,0.063248,0.9972,0.98301,0.99913
149,0.026264,0.026799,0.027505,0.029677,0.037383,0.036553,0.056522,0.9972,0.98115,0.99909
150,0.026245,0.026747,0.027086,0.029588,0.037173,0.036405,0.052454,0.9972,0.97921,0.99909
151,0.026192,0.026673,0.02701,0.029563,0.036936,0.03628,0.052084,0.9972,0.97862,0.99908
152,0.026074,0.026602,0.026988,0.029537,0.035696,0.036255,0.049346,0.9972,0.97851,0.99904
153,0.026052,0.026545,0.026985,0.029377,0.034711,0.034597,0.049089,0.792,0.97811,0.99904
154,0.025971,0.026454,0.026854,0.029158,0.034675,0.034069,0.048694,0.46563,0.97769,0.99903
155,0.025882,0.026369,0.026706,0.028965,0.033982,0.03402,0.048135,0.42274,0.97558,0.99903
156,0.025687,0.026175,0.026552,0.028915,0.033171,0.032885,0.046228,0.38601,0.97299,0.99898
157,0.025626,0.026129,0.026497,0.028234,0.03277,0.032762,0.046215,0.34059,0.97215,0.99898
158,0.02558,0.025976,0.026454,0.02822,0.032592,0.032212,0.045569,0.23167,0.97159,0.99896
159,0.025549,0.025938,0.026399,0.028217,0.0319,0.03183,0.044875,0.21018,0.97103,0.99892
160,0.025205,0.025798,0.026166,0.028088,0.031801,0.031563,0.044095,0.16449,0.9691,0.99891
161,0.025081,0.025487,0.025775,0.028013,0.031059,0.031364,0.043858,0.1255,0.96836,0.9989
162,0.025046,0.025394,0.025634,0.027692,0.030873,0.030882,0.041966,0.12326,0.96522,0.99888
163,0.024939,0.025271,0.025603,0.027554,0.030742,0.030849,0.04193,0.11151,0.96443,0.99883
164,0.024882,0.025241,0.025514,0.027384,0.030713,0.030667,0.041727,0.10715,0.96399,0.99877
165,0.024661,0.025231,0.025456,0.027222,0.030611,0.03043,0.040194,0.099527,0.9637,0.99871
166,0.024556,0.025103,0.025396,0.027181,0.030466,0.02993,0.038572,0.076844,0.96338,0.99857
167,0.024551,0.024764,0.025384,0.026984,0.030034,0.029305,0.038338,0.069107,0.96248,0.99853
168,0.024462,0.024762,0.025077,0.026836,0.029409,0.028983,0.0382,0.062457,0.95313,0.99845
169,0.024439,0.024742,0.025074,0.02671,0.029294,0.028635,0.038064,0.061868,0.94802,0.99791
170,0.024151,0.024649,0.025068,0.026316,0.029115,0.028265,0.037992,0.061855,0.93441,0.99788
171,0.024002,0.024648,0.025049,0.026268,0.02858,0.028161,0.037878,0.058932,0.92565,0.99788
172,0.023954,0.024494,0.024959,0.026263,0.028068,0.028079,0.036596,0.057793,0.92023,0.99769
173,0.023945,0.02438,0.024908,0.026217,0.027786,0.028022,0.035631,0.056261,0.90533,0.99723
174,0.023782,0.024162,0.024499,0.026147,0.027769,0.027811,0.035364,0.05297,0.90112,0.99691
175,0.023753,0.024103,0.024348,0.025964,0.027748,0.027515,0.035069,0.052172,0.88088,0.99681
176,0.02344,0.023853,0.024304,0.025842,0.02721,0.027064,0.035,0.050604,0.79086,0.99678
177,0.023392,0.023836,0.024132,0.025631,0.027138,0.027043,0.034864,0.049739,0.43295,0.99674
178,0.023361,0.023783,0.024075,0.025296,0.026989,0.027005,0.034474,0.048945,0.40283,0.99671
179,0.023227,0.023771,0.023943,0.025182,0.026918,0.02689,0.034412,0.048404,0.37185,0.99658
180,0.023091,0.023686,0.023818,0.024976,0.026535,0.026835,0.033782,0.047495,0.31364,0.99651
181,0.022844,0.023149,0.02353,0.024963,0.026464,0.026559,0.033371,0.046676,0.23059,0.99595
182,0.022553,0.022793,0.023432,0.024843,0.026451,0.02625,0.033287,0.046191,0.19195,0.99577
183,0.022146,0.022678,0.023145,0.02435,0.026074,0.026063,0.033129,0.045415,0.16333,0.9955
184,0.022127,0.022568,0.02287,0.024308,0.025826,0.025925,0.033089,0.045271,0.14462,0.99463
185,0.022117,0.022409,0.022828,0.024018,0.025679,0.025642,0.032677,0.044699,0.13177,0.99412
186,0.022095,0.022331,0.022524,0.023941,0.025545,0.025345,0.032255,0.044526,0.11622,0.99316
187,0.022094,0.022325,0.022506,0.023876,0.025543,0.025149,0.031343,0.044025,0.078029,0.99079
188,0.022046,0.022312,0.022439,0.023728,0.0254,0.024702,0.030908,0.041525,0.063112,0.98863
189,0.021907,0.022237,0.022424,0.023671,0.025072,0.024603,0.030847,0.041094,0.058767,0.98097
190,0.021595,0.022194,0.022291,0.023616,0.024458,0.024443,0.030543,0.040719,0.051949,0.9758
191,0.021474,0.021916,0.022272,0.02322,0.024445,0.024393,0.029935,0.040711,0.049327,0.97144
192,0.02142,0.021778,0.022176,0.022946,0.02432,0.024323,0.029835,0.040207,0.048399,0.97111
193,0.02126,0.021492,0.02178,0.022746,0.024066,0.02403,0.029631,0.039434,0.045219,0.96367
194,0.021164,0.021354,0.021635,0.022703,0.023882,0.023122,0.029538,0.038379,0.044326,0.96174
195,0.021163,0.021343,0.021597,0.02252,0.023405,0.023108,0.029459,0.037489,0.042788,0.95301
196,0.021074,0.021332,0.021542,0.022427,0.023182,0.022979,0.029218,0.036811,0.042007,0.55359
197,0.021048,0.021296,0.021402,0.022333,0.023141,0.022823,0.028683,0.036767,0.041659,0.47952
198,0.020768,0.02101,0.021357,0.022259,0.022942,0.022806,0.027913,0.036533,0.040342,0.4404
199,0.020622,0.020876,0.021262,0.021974,0.022477,0.022704,0.027787,0.036503,0.039289,0.36233
200,0.020549,0.020708,0.020768,0.021914,0.022314,0.02248,0.027241,0.036427,0.039257,0.2599
201,0.020206,0.020494,0.020751,0.021676,0.0222,0.02242,0.026951,0.035901,0.038409,0.084819
202,0.020105,0.020473,0.020744,0.021481,0.022152,0.021938,0.026863,0.035499,0.038069,0.079612
203,0.020099,0.020339,0.020686,0.02137,0.022043,0.021676,0.026856,0.03515,0.037855,0.062043
204,0.020015,0.020313,0.020668,0.021342,0.022039,0.02151,0.026844,0.03505,0.035893,0.056141
205,0.01999,0.020236,0.020505,0.021053,0.021519,0.021298,0.026666,0.03442,0.03483,0.052919
206,0.019886,0.020172,0.020437,0.020924,0.021467,0.021194,0.026266,0.033184,0.032895,0.052515
207,0.019836,0.020147,0.020401,0.02086,0.021293,0.021181,0.026264,0.032737,0.030312,0.051995
208,0.019734,0.020031,0.020045,0.020724,0.02116,0.021155,0.025726,0.032427,0.03026,0.050872
209,0.019675,0.019922,0.019932,0.020642,0.021146,0.020975,0.025682,0.032409,0.029307,0.045913
210,0.01942,0.019661,0.019861,0.020553,0.020979,0.020938,0.025506,0.032273,0.029281,0.044885
211,0.019288,0.019521,0.019704,0.020515,0.020903,0.020763,0.025103,0.031897,0.029273,0.042853
212,0.019125,0.01932,0.019622,0.020303,0.020791,0.020658,0.024997,0.031793,0.028997,0.042715
213,0.019081,0.019184,0.01958,0.020241,0.020766,0.020604,0.024806,0.03129,0.028958,0.041448
214,0.018977,0.019163,0.019545,0.020159,0.02075,0.020572,0.024772,0.030935,0.028078,0.039071
215,0.01871,0.019095,0.019393,0.020129,0.020721,0.020451,0.024708,0.030909,0.027769,0.038146
216,0.018619,0.019034,0.019376,0.019928,0.020574,0.020241,0.024644,0.030308,0.027726,0.03811
217,0.018572,0.018961,0.01932,0.019912,0.020519,0.02019,0.024406,0.030263,0.027683,0.037285
218,0.01854,0.018847,0.019219,0.019708,0.020504,0.019859,0.024015,0.030037,0.027678,0.036498
219,0.01841,0.018746,0.018983,0.019638,0.020386,0.019769,0.023628,0.029852,0.027018,0.036304
220,0.018109,0.018566,0.018964,0.019443,0.020174,0.019726,0.023603,0.029825,0.026982,0.035239
221,0.017857,0.018519,0.018878,0.019429,0.020067,0.019483,0.023541,0.029823,0.0267,0.035187
222,0.017825,0.018432,0.018861,0.019186,0.019819,0.019388,0.022933,0.0294,0.026647,0.034785
223,0.017761,0.018413,0.018831,0.019124,0.019724,0.019305,0.022725,0.028858,0.026027,0.034579
224,0.017665,0.018261,0.018662,0.019085,0.019683,0.019233,0.022637,0.028765,0.025731,0.034329
225,0.017643,0.017843,0.018267,0.018942,0.019612,0.019129,0.022602,0.028695,0.025611,0.032338
226,0.017526,0.017816,0.018147,0.018823,0.019555,0.01908,0.022454,0.027962,0.025271,0.030865
227,0.017324,0.017814,0.018107,0.018785,0.019432,0.018953,0.022087,0.027619,0.024937,0.03066
228,0.017323,0.017777,0.018095,0.018425,0.019237,0.018854,0.021924,0.02618,0.024907,0.030433
229,0.017246,0.017763,0.018003,0.018391,0.019043,0.018831,0.021891,0.025946,0.024479,0.030257
230,0.017242,0.017514,0.017985,0.018342,0.018815,0.018749,0.021831,0.025267,0.02443,0.029076
231,0.017035,0.017476,0.017853,0.018294,0.01869,0.018736,0.021727,0.025168,0.023903,0.028487
232,0.017001,0.017218,0.017497,0.018176,0.01861,0.018582,0.021577,0.025136,0.023748,0.028323
233,0.016831,0.017063,0.017428,0.018117,0.018339,0.018528,0.021508,0.024618,0.023736,0.027718
234,0.016698,0.017031,0.017387,0.017694,0.017991,0.018148,0.02136,0.024515,0.023036,0.027452
235,0.016684,0.016909,0.017002,0.017393,0.017845,0.01811,0.021242,0.024309,0.022751,0.027002
236,0.016633,0.01681,0.01694,0.017144,0.017785,0.017487,0.021037,0.024262,0.022709,0.026287
237,0.016587,0.016766,0.016871,0.01712,0.017766,0.017418,0.021011,0.024165,0.022435,0.026277
238,0.016393,0.016598,0.016844,0.01712,0.017542,0.017287,0.020896,0.024129,0.022416,0.026239
239,0.016357,0.016591,0.016707,0.017108,0.017503,0.017259,0.020851,0.023832,0.022285,0.025919
240,0.016304,0.01652,0.016632,0.017041,0.017488,0.01725,0.020754,0.023397,0.022079,0.025818
241,0.016254,0.016501,0.01662,0.016947,0.017302,0.017199,0.020694,0.023373,0.021947,0.025377
242,0.016207,0.016486,0.016607,0.016926,0.017289,0.017107,0.020486,0.023248,0.021462,0.02517
243,0.016187,0.016389,0.016583,0.01691,0.017244,0.017049,0.020075,0.022624,0.021336,0.024647
244,0.016106,0.016387,0.016561,0.016882,0.017199,0.017041,0.019825,0.022313,0.02102,0.024543
245,0.016042,0.016261,0.016504,0.01688,0.017159,0.016975,0.0198,0.022188,0.020791,0.02437
246,0.015971,0.016141,0.016464,0.016831,0.017156,0.016968,0.019692,0.022006,0.020552,0.024342
247,0.015807,0.016076,0.016373,0.01683,0.017126,0.016917,0.01945,0.021733,0.020263,0.023865
248,0.015776,0.016071,0.016333,0.016772,0.017001,0.01691,0.019442,0.0213,0.020182,0.023532
249,0.015754,0.016015,0.016243,0.016632,0.016985,0.016831,0.019366,0.021265,0.019614,0.023236
250,0.015751,0.015922,0.016231,0.016534,0.016985,0.016797,0.019344,0.021021,0.018675,0.023195
251,0.015696,0.015904,0.016171,0.016525,0.016981,0.016758,0.019224,0.020901,0.018589,0.023171
252,0.015551,0.015897,0.016146,0.016497,0.016961,0.016722,0.019049,0.020754,0.018429,0.023057
253,0.015441,0.015833,0.015988,0.016462,0.016787,0.016715,0.018979,0.02061,0.018381,0.022635
254,0.015417,0.015652,0.015852,0.016276,0.01666,0.016683,0.018953,0.020606,0.018309,0.022477
255,0.015324,0.015572,0.015835,0.016133,0.016596,0.016488,0.018839,0.020483,0.018118,0.022077
256,0.015271,0.015528,0.015731,0.016106,0.016343,0.016477,0.01871,0.02037,0.018076,0.021396
257,0.015182,0.01552,0.015617,0.015912,0.016249,0.01633,0.018506,0.02026,0.01804,0.021185
258,0.015004,0.015248,0.015555,0.015732,0.016087,0.016135,0.01841,0.020147,0.017972,0.021075
259,0.01492,0.015088,0.01534,0.01572,0.016033,0.016134,0.018245,0.019604,0.017743,0.021032
260,0.014911,0.01508,0.015246,0.015698,0.015956,0.01613,0.018049,0.019064,0.017684,0.020993
261,0.014838,0.014911,0.015208,0.015586,0.015952,0.01605,0.01789,0.019034,0.017177,0.020798
262,0.014749,0.014874,0.015149,0.015532,0.01595,0.016011,0.017698,0.019033,0.017145,0.020771
263,0.014611,0.014835,0.015094,0.01546,0.015831,0.015938,0.017401,0.018953,0.017087,0.020743
264,0.014544,0.014833,0.015066,0.015449,0.015825,0.015366,0.017355,0.018847,0.017059,0.020732
265,0.014537,0.014823,0.015029,0.01534,0.015531,0.015313,0.01726,0.018345,0.017059,0.020533
266,0.014523,0.014816,0.014915,0.015115,0.015501,0.015269,0.017057,0.01831,0.016829,0.020516
267,0.014477,0.014721,0.014888,0.015063,0.0153,0.015133,0.01704,0.018185,0.016798,0.020019
268,0.014353,0.014715,0.014761,0.01492,0.015192,0.015081,0.017028,0.01818,0.016661,0.019971
269,0.014209,0.014507,0.014706,0.014813,0.015134,0.015062,0.017028,0.018108,0.016574,0.019881
270,0.013958,0.014197,0.014469,0.014764,0.015102,0.014988,0.016722,0.017756,0.016549,0.019833
271,0.01392,0.014135,0.014338,0.014693,0.014937,0.0149,0.016582,0.017407,0.016399,0.019384
272,0.013906,0.01402,0.014314,0.0146,0.014877,0.014842,0.016492,0.017398,0.016393,0.019061
273,0.013735,0.013967,0.014224,0.014515,0.014835,0.01444,0.016314,0.017356,0.016341,0.019012
274,0.013429,0.01355,0.013853,0.014367,0.014813,0.014423,0.016197,0.017066,0.016231,0.018395
275,0.013398,0.013549,0.013814,0.014239,0.014798,0.014407,0.01598,0.016919,0.015874,0.018048
276,0.013274,0.013543,0.013767,0.01414,0.014709,0.014335,0.015774,0.016696,0.015758,0.018013
277,0.013208,0.01354,0.013725,0.014133,0.01441,0.014281,0.015708,0.016568,0.015657,0.017813
278,0.013176,0.013452,0.013721,0.01413,0.01434,0.014206,0.015644,0.016447,0.015645,0.017707
279,0.013126,0.013293,0.013453,0.013993,0.014318,0.014197,0.015615,0.016432,0.015621,0.01765
280,0.012954,0.013236,0.01334,0.013772,0.014235,0.013799,0.015613,0.016349,0.01551,0.017499
281,0.012739,0.0131,0.013298,0.013605,0.014141,0.013709,0.015562,0.016221,0.014542,0.017406
282,0.012726,0.013032,0.013268,0.013551,0.014137,0.013604,0.015496,0.016184,0.014495,0.01731
283,0.012723,0.013022,0.013263,0.013486,0.014075,0.013579,0.015258,0.016053,0.014457,0.017174
284,0.012684,0.012946,0.013044,0.013322,0.013527,0.013574,0.015221,0.015857,0.014404,0.017172
285,0.012655,0.012894,0.01304,0.013284,0.01346,0.013567,0.014687,0.01539,0.014341,0.016958
286,0.012652,0.012791,0.01303,0.013216,0.01341,0.013443,0.014632,0.015388,0.01424,0.016794
287,0.012645,0.01279,0.012977,0.013167,0.013383,0.013426,0.014414,0.015356,0.014058,0.016501
288,0.012637,0.012746,0.012953,0.013119,0.013379,0.013404,0.014391,0.015255,0.014035,0.016494
289,0.012438,0.01274,0.012928,0.013092,0.013341,0.013353,0.014343,0.01525,0.013902,0.016459
290,0.012247,0.012503,0.012668,0.012858,0.013251,0.012986,0.014132,0.014873,0.013822,0.016395
291,0.012117,0.012374,0.012618,0.012855,0.013141,0.01295,0.01402,0.014849,0.013809,0.016213
292,0.012074,0.012217,0.012442,0.012752,0.013139,0.012821,0.013946,0.014695,0.013793,0.015772
293,0.011982,0.012209,0.012323,0.012646,0.012865,0.012799,0.013846,0.014564,0.013749,0.015607
294,0.011885,0.012084,0.012244,0.012519,0.012849,0.012787,0.013842,0.014463,0.013628,0.015452
295,0.011876,0.012013,0.012208,0.012406,0.012835,0.012774,0.013799,0.01445,0.013551,0.015407
296,0.011745,0.012007,0.012116,0.012352,0.012703,0.012645,0.013683,0.014384,0.013487,0.015339
297,0.011709,0.011981,0.012109,0.01232,0.012614,0.012393,0.013524,0.014298,0.0134,0.015281
298,0.011492,0.011776,0.01199,0.012223,0.012561,0.012328,0.013461,0.013997,0.013329,0.015019
299,0.011485,0.011673,0.011861,0.012162,0.012486,0.012307,0.013384,0.013867,0.013075,0.014842
300,0.011444,0.011615,0.011742,0.012044,0.012373,0.012262,0.013138,0.013839,0.012895,0.014805
301,0.011396,0.011608,0.011706,0.011993,0.012241,0.012242,0.013024,0.013826,0.012889,0.014679
302,0.011259,0.011499,0.011619,0.011927,0.012146,0.012106,0.013017,0.013681,0.012883,0.014563
303,0.011241,0.011469,0.01159,0.011903,0.012125,0.012052,0.012976,0.013607,0.012808,0.014492
304,0.011236,0.011418,0.011573,0.011824,0.012117,0.011905,0.01287,0.013487,0.012698,0.014456
305,0.011213,0.011371,0.011504,0.011713,0.012087,0.011861,0.012764,0.013417,0.012648,0.014288
306,0.011162,0.011328,0.011502,0.011711,0.011968,0.011852,0.012763,0.01334,0.012601,0.014067
307,0.011108,0.011312,0.011459,0.011684,0.011932,0.011728,0.01276,0.013321,0.012601,0.014043
308,0.011096,0.01129,0.011435,0.011662,0.011869,0.011672,0.012717,0.013306,0.012384,0.013974
309,0.011073,0.011169,0.011276,0.011487,0.011849,0.011575,0.012715,0.01322,0.012352,0.013954
310,0.010952,0.01108,0.011222,0.011476,0.011701,0.011549,0.012634,0.013211,0.01233,0.013919
311,0.010893,0.011071,0.011204,0.011435,0.011672,0.011516,0.012592,0.013187,0.012303,0.013902
312,0.010885,0.011047,0.011185,0.011349,0.011634,0.011472,0.012539,0.013185,0.012195,0.013779
313,0.010849,0.01102,0.011179,0.011284,0.011604,0.011462,0.012441,0.013051,0.012092,0.013691
314,0.010799,0.010986,0.011137,0.011281,0.011535,0.011444,0.0124,0.013025,0.012023,0.013665
315,0.010768,0.010935,0.011093,0.011273,0.011471,0.011323,0.01235,0.012786,0.012011,0.013509
316,0.010696,0.010875,0.010991,0.011263,0.011458,0.011322,0.012204,0.012743,0.011974,0.01343
317,0.010691,0.010856,0.01096,0.011203,0.011439,0.011222,0.012127,0.012678,0.011769,0.013323
318,0.010457,0.010694,0.010867,0.011109,0.011419,0.011191,0.012119,0.012627,0.011682,0.01312
319,0.010445,0.010637,0.010771,0.010988,0.011262,0.011074,0.012094,0.012446,0.011679,0.012905
320,0.01041,0.010551,0.010687,0.010984,0.0112,0.01096,0.011804,0.01227,0.011631,0.012885
321,0.010347,0.010476,0.010604,0.010861,0.011119,0.010911,0.011756,0.012092,0.011549,0.012865
322,0.010332,0.010458,0.010554,0.010693,0.010999,0.010849,0.011659,0.01207,0.011541,0.012853
323,0.010242,0.010382,0.01048,0.010673,0.010889,0.010784,0.011595,0.011951,0.011344,0.012381
324,0.010042,0.010228,0.010335,0.010553,0.010634,0.010677,0.01137,0.011614,0.010992,0.012316
325,0.0099839,0.010083,0.010186,0.010296,0.010631,0.010398,0.011093,0.01157,0.010826,0.012166
326,0.0098833,0.010073,0.010158,0.01029,0.010382,0.010287,0.010919,0.011435,0.010631,0.012163
327,0.0097661,0.0098115,0.0098829,0.010132,0.010349,0.010224,0.010867,0.011225,0.010618,0.011421
328,0.0096188,0.0097534,0.0098389,0.010016,0.0102,0.010128,0.010703,0.011088,0.010561,0.011411
329,0.0095986,0.0096972,0.0097845,0.0099955,0.01007,0.010096,0.010691,0.010967,0.010451,0.011397
330,0.0094985,0.009635,0.0097116,0.0099856,0.01004,0.010026,0.010476,0.010956,0.010281,0.011251
331,0.0094452,0.009502,0.0095838,0.0098691,0.00999,0.010011,0.010237,0.010496,0.010192,0.011128
332,0.0093338,0.0094529,0.0095659,0.0097074,0.0097923,0.0098171,0.010134,0.010421,0.010126,0.011027
333,0.0092578,0.0093451,0.0094332,0.0096197,0.0096993,0.0097421,0.010025,0.010297,0.01005,0.010898
334,0.0092432,0.0093132,0.0093701,0.0094041,0.0095202,0.0095217,0.0099939,0.010187,0.010026,0.010777
335,0.0091684,0.0092052,0.0092849,0.0093404,0.0093924,0.0094369,0.0097305,0.010053,0.0097517,0.010593
336,0.0088557,0.0089376,0.009029,0.009223,0.0093185,0.0093685,0.0095039,0.0097671,0.0094743,0.010505
337,0.0087885,0.0088325,0.0089053,0.0089837,0.0090711,0.0090184,0.0094301,0.009632,0.0093149,0.010485
338,0.0084865,0.0085584,0.008615,0.0088042,0.0088721,0.0089228,0.0091034,0.0092331,0.009305,0.0095733
339,0.0084246,0.008492,0.0085398,0.0085752,0.0087005,0.0085871,0.0090647,0.0092285,0.0091948,0.0094371
340,0.0083223,0.0083874,0.0084513,0.0085089,0.008655,0.008529,0.0089163,0.0091645,0.0087488,0.0093449
341,0.0079926,0.0080395,0.0080595,0.0080901,0.0081458,0.0081702,0.00832,0.0084536,0.0084266,0.0086679
342,0.0078619,0.0078801,0.0079072,0.0079397,0.0079677,0.0079749,0.0081107,0.0082368,0.0080141,0.0082514
343,0.0074483,0.0074559,0.0074691,0.0074822,0.0075025,0.0074864,0.0075965,0.0076554,0.0075253,0.0077182
